test0,test1,test2,test3,test4,test5,test6,test7,test8,test9
"{'NDCG@5': 0.376895482140578, 'HR@5': 0.4972833857592222}","{'NDCG@5': 0.3450515902678063, 'HR@5': 0.4552093476144109}","{'NDCG@5': 0.3367647234302939, 'HR@5': 0.44720371492025035}","{'NDCG@5': 0.31513954834681746, 'HR@5': 0.4195699283213869}","{'NDCG@5': 0.2907384097041872, 'HR@5': 0.3879624804585722}","{'NDCG@5': 0.27807816299003524, 'HR@5': 0.37151824244801884}","{'NDCG@5': 0.2624413619797253, 'HR@5': 0.3498040313549832}","{'NDCG@5': 0.2594986695494217, 'HR@5': 0.34370937948963537}","{'NDCG@5': 0.2509116887193691, 'HR@5': 0.3325833503784005}","{'NDCG@5': 0.2223750742278239, 'HR@5': 0.2957890433360589}"
"{'NDCG@5': 0.41213399522429056, 'HR@5': 0.5376036602802402}","{'NDCG@5': 0.383958612893009, 'HR@5': 0.5}","{'NDCG@5': 0.3677590806953868, 'HR@5': 0.48576620230163536}","{'NDCG@5': 0.34783821933376663, 'HR@5': 0.4620770128354726}","{'NDCG@5': 0.3167266320895347, 'HR@5': 0.42339760291818657}","{'NDCG@5': 0.2974489921988228, 'HR@5': 0.39672420557081206}","{'NDCG@5': 0.28053286004929856, 'HR@5': 0.37569988801791715}","{'NDCG@5': 0.277066715059657, 'HR@5': 0.37141684340151876}","{'NDCG@5': 0.2650962772728649, 'HR@5': 0.35426467580282267}","{'NDCG@5': 0.2313017324344183, 'HR@5': 0.31112019623875714}"
"{'NDCG@5': 0.4181159155849438, 'HR@5': 0.5493279954246497}","{'NDCG@5': 0.38749696188201593, 'HR@5': 0.5070593962999026}","{'NDCG@5': 0.36965017008893003, 'HR@5': 0.488592772057339}","{'NDCG@5': 0.35202911014164845, 'HR@5': 0.46824470745124186}","{'NDCG@5': 0.32123940832606235, 'HR@5': 0.4282178217821782}","{'NDCG@5': 0.3020898966068878, 'HR@5': 0.4035896429972538}","{'NDCG@5': 0.2835852503531591, 'HR@5': 0.3813689809630459}","{'NDCG@5': 0.27957575229879256, 'HR@5': 0.37435862352055826}","{'NDCG@5': 0.26542137854294234, 'HR@5': 0.3576055089657053}","{'NDCG@5': 0.2301099839869727, 'HR@5': 0.3119378577269011}"
"{'NDCG@5': 0.4187318878525792, 'HR@5': 0.5456105233056906}","{'NDCG@5': 0.3863051622115318, 'HR@5': 0.5092502434274586}","{'NDCG@5': 0.37093325828631957, 'HR@5': 0.4942459115687462}","{'NDCG@5': 0.3511456196991688, 'HR@5': 0.468078013002167}","{'NDCG@5': 0.3229849998557147, 'HR@5': 0.43447107868681606}","{'NDCG@5': 0.30339973257544167, 'HR@5': 0.4067281286779129}","{'NDCG@5': 0.28492799507515243, 'HR@5': 0.38311870100783874}","{'NDCG@5': 0.28183273393173197, 'HR@5': 0.37723199014845726}","{'NDCG@5': 0.26599690084785443, 'HR@5': 0.3584236721892684}","{'NDCG@5': 0.22898968134265632, 'HR@5': 0.30996184246388664}"
"{'NDCG@5': 0.41688656995988826, 'HR@5': 0.5427509293680297}","{'NDCG@5': 0.38645328851174393, 'HR@5': 0.5102239532619279}","{'NDCG@5': 0.37046522407574967, 'HR@5': 0.49464970724813245}","{'NDCG@5': 0.35211673739718613, 'HR@5': 0.46924487414569094}","{'NDCG@5': 0.32419767205826105, 'HR@5': 0.4349921834288692}","{'NDCG@5': 0.30356475320691034, 'HR@5': 0.4075127500980777}","{'NDCG@5': 0.2877084993145873, 'HR@5': 0.38668812989921614}","{'NDCG@5': 0.2818274210869472, 'HR@5': 0.3777108845864404}","{'NDCG@5': 0.2649406942956521, 'HR@5': 0.35692370627940273}","{'NDCG@5': 0.22768451847223933, 'HR@5': 0.3076451349141455}"
"{'NDCG@5': 0.4171520492798654, 'HR@5': 0.5447526451243924}","{'NDCG@5': 0.3844819511806804, 'HR@5': 0.5068159688412853}","{'NDCG@5': 0.36792656200371693, 'HR@5': 0.4912174439733495}","{'NDCG@5': 0.3507848902702087, 'HR@5': 0.46774462410401735}","{'NDCG@5': 0.3227591400390802, 'HR@5': 0.43108389786347057}","{'NDCG@5': 0.30374956834291067, 'HR@5': 0.40761082777559826}","{'NDCG@5': 0.28555671322306253, 'HR@5': 0.38458846584546474}","{'NDCG@5': 0.28119591098007196, 'HR@5': 0.37709516316617636}","{'NDCG@5': 0.26396419436503726, 'HR@5': 0.3568555260107725}","{'NDCG@5': 0.22601535326496117, 'HR@5': 0.30396565821749794}"
"{'NDCG@5': 0.41674308891841555, 'HR@5': 0.5427509293680297}","{'NDCG@5': 0.3853927776283015, 'HR@5': 0.5068159688412853}","{'NDCG@5': 0.36591309159043767, 'HR@5': 0.4861699979810216}","{'NDCG@5': 0.3498022166266897, 'HR@5': 0.46857809634939157}","{'NDCG@5': 0.3222386070906679, 'HR@5': 0.4303022407503908}","{'NDCG@5': 0.3045227558830073, 'HR@5': 0.4077089054531189}","{'NDCG@5': 0.28603363485468036, 'HR@5': 0.38360862262038076}","{'NDCG@5': 0.28166462447154916, 'HR@5': 0.3774372306218786}","{'NDCG@5': 0.26332167446245563, 'HR@5': 0.35610554305583964}","{'NDCG@5': 0.2253342190372909, 'HR@5': 0.3019896429544835}"
"{'NDCG@5': 0.41651948636788644, 'HR@5': 0.5444666857306263}","{'NDCG@5': 0.38507236933635347, 'HR@5': 0.5077896786757546}","{'NDCG@5': 0.3650608694450508, 'HR@5': 0.4861699979810216}","{'NDCG@5': 0.35227424638451715, 'HR@5': 0.4707451241873646}","{'NDCG@5': 0.32062620975776623, 'HR@5': 0.4304325169359041}","{'NDCG@5': 0.30375725859453245, 'HR@5': 0.4054531188701452}","{'NDCG@5': 0.2844473338089052, 'HR@5': 0.3796192609182531}","{'NDCG@5': 0.28046231436981084, 'HR@5': 0.37463227748512007}","{'NDCG@5': 0.262842880222975, 'HR@5': 0.3534465125792596}","{'NDCG@5': 0.22420842535258673, 'HR@5': 0.30035431997819567}"
"{'NDCG@5': 0.4167415461804874, 'HR@5': 0.5416070917929654}","{'NDCG@5': 0.3828886096769321, 'HR@5': 0.5038948393378773}","{'NDCG@5': 0.364030531318291, 'HR@5': 0.48677569150010097}","{'NDCG@5': 0.3495253624968847, 'HR@5': 0.46641106851141856}","{'NDCG@5': 0.3194683974197587, 'HR@5': 0.4284783741532048}","{'NDCG@5': 0.30249544205686546, 'HR@5': 0.40309925460965085}","{'NDCG@5': 0.2839925091739889, 'HR@5': 0.38003919372900336}","{'NDCG@5': 0.28064609963062803, 'HR@5': 0.3749059314496819}","{'NDCG@5': 0.2618609443290301, 'HR@5': 0.3516056453262426}","{'NDCG@5': 0.223799076079505, 'HR@5': 0.2989234123739439}"
"{'NDCG@5': 0.41261230266149296, 'HR@5': 0.5393194166428367}","{'NDCG@5': 0.3827758040586836, 'HR@5': 0.5053554040895814}","{'NDCG@5': 0.360188668203084, 'HR@5': 0.4823339390268524}","{'NDCG@5': 0.34865415672894345, 'HR@5': 0.4665777629604934}","{'NDCG@5': 0.32010702135000413, 'HR@5': 0.4291297550807712}","{'NDCG@5': 0.30112323837480204, 'HR@5': 0.39986269125147117}","{'NDCG@5': 0.282964498062686, 'HR@5': 0.3780795072788354}","{'NDCG@5': 0.2795962745324151, 'HR@5': 0.37346924813573235}","{'NDCG@5': 0.2609610214513228, 'HR@5': 0.3501056794163769}","{'NDCG@5': 0.22342643511413393, 'HR@5': 0.297696920141728}"
"{'NDCG@5': 0.41225300462667847, 'HR@5': 0.5387474978553045}","{'NDCG@5': 0.382996280614378, 'HR@5': 0.5053554040895814}","{'NDCG@5': 0.3585013577017067, 'HR@5': 0.4764789016757521}","{'NDCG@5': 0.3477887921120545, 'HR@5': 0.4644107351225204}","{'NDCG@5': 0.3206076765162881, 'HR@5': 0.42886920270974466}","{'NDCG@5': 0.2986446850362914, 'HR@5': 0.39741074931345627}","{'NDCG@5': 0.2837532493604874, 'HR@5': 0.3784994400895857}","{'NDCG@5': 0.2777892477704226, 'HR@5': 0.3697065061230075}","{'NDCG@5': 0.2606462930431173, 'HR@5': 0.34969659780459533}","{'NDCG@5': 0.22325228319856408, 'HR@5': 0.297696920141728}"
"{'NDCG@5': 0.41134612778058954, 'HR@5': 0.537031741492708}","{'NDCG@5': 0.38270673894886365, 'HR@5': 0.5075462512171373}","{'NDCG@5': 0.35878944668819934, 'HR@5': 0.4793054714314557}","{'NDCG@5': 0.3468076624889543, 'HR@5': 0.4617436239373229}","{'NDCG@5': 0.31912404301177094, 'HR@5': 0.42795726941115164}","{'NDCG@5': 0.2993067232306689, 'HR@5': 0.3982934484111416}","{'NDCG@5': 0.28392915702416316, 'HR@5': 0.37800951847704367}","{'NDCG@5': 0.27890375940898443, 'HR@5': 0.3714852568926592}","{'NDCG@5': 0.260788576822253, 'HR@5': 0.35017385968500714}","{'NDCG@5': 0.22245918561968742, 'HR@5': 0.2961297356227855}"
"{'NDCG@5': 0.4105726815789809, 'HR@5': 0.5381755790677724}","{'NDCG@5': 0.3813863844451668, 'HR@5': 0.50730282375852}","{'NDCG@5': 0.35745008757710417, 'HR@5': 0.47728649303452453}","{'NDCG@5': 0.3463080563878631, 'HR@5': 0.46274379063177196}","{'NDCG@5': 0.3192288325318807, 'HR@5': 0.42886920270974466}","{'NDCG@5': 0.29851867946425725, 'HR@5': 0.3972145939584151}","{'NDCG@5': 0.28272609379134916, 'HR@5': 0.37674972004479285}","{'NDCG@5': 0.2781998594297331, 'HR@5': 0.3719641513306424}","{'NDCG@5': 0.2601057693458236, 'HR@5': 0.3495602372673348}","{'NDCG@5': 0.22209815221063287, 'HR@5': 0.29599345870809485}"
"{'NDCG@5': 0.40945086700869576, 'HR@5': 0.5350300257363454}","{'NDCG@5': 0.38194891360377414, 'HR@5': 0.5048685491723467}","{'NDCG@5': 0.3597948922201297, 'HR@5': 0.48152634766807995}","{'NDCG@5': 0.3458734444752475, 'HR@5': 0.4614102350391732}","{'NDCG@5': 0.3194719308795876, 'HR@5': 0.43004168837936424}","{'NDCG@5': 0.29769992407961415, 'HR@5': 0.39495880737544137}","{'NDCG@5': 0.28411747357473155, 'HR@5': 0.3794092945128779}","{'NDCG@5': 0.27906119930152723, 'HR@5': 0.3729903536977492}","{'NDCG@5': 0.2597146277462989, 'HR@5': 0.3486057135065112}","{'NDCG@5': 0.22218738650170616, 'HR@5': 0.2959253202507495}"
"{'NDCG@5': 0.4087541020996144, 'HR@5': 0.5356019445238777}","{'NDCG@5': 0.3808973365977643, 'HR@5': 0.505111976630964}","{'NDCG@5': 0.3592116726747703, 'HR@5': 0.4795073692711488}","{'NDCG@5': 0.3447002632622133, 'HR@5': 0.461576929488248}","{'NDCG@5': 0.318436056069457, 'HR@5': 0.42782699322563833}","{'NDCG@5': 0.2984178201061262, 'HR@5': 0.39652805021577087}","{'NDCG@5': 0.2837289479136395, 'HR@5': 0.3791293393057111}","{'NDCG@5': 0.2785035902596811, 'HR@5': 0.3716904973660806}","{'NDCG@5': 0.25987142153886117, 'HR@5': 0.3484693529692507}","{'NDCG@5': 0.2217227910220726, 'HR@5': 0.29517579721995096}"
"{'NDCG@5': 0.40914052317060545, 'HR@5': 0.5356019445238777}","{'NDCG@5': 0.38193409329386674, 'HR@5': 0.505842259006816}","{'NDCG@5': 0.360793256532751, 'HR@5': 0.4821320411871593}","{'NDCG@5': 0.3443159490509247, 'HR@5': 0.46124354059009837}","{'NDCG@5': 0.31858130453147226, 'HR@5': 0.4283480979676915}","{'NDCG@5': 0.2987170873752978, 'HR@5': 0.39750882699097684}","{'NDCG@5': 0.2840375286526576, 'HR@5': 0.37905935050391937}","{'NDCG@5': 0.2779915343029592, 'HR@5': 0.3714852568926592}","{'NDCG@5': 0.2604029306376512, 'HR@5': 0.34901479511829275}","{'NDCG@5': 0.2215867918893425, 'HR@5': 0.294562551103843}"
"{'NDCG@5': 0.40853059479357684, 'HR@5': 0.533600228767515}","{'NDCG@5': 0.3810049274429124, 'HR@5': 0.501460564751704}","{'NDCG@5': 0.36047951884233514, 'HR@5': 0.48132444982838685}","{'NDCG@5': 0.343334221527681, 'HR@5': 0.4589098183030505}","{'NDCG@5': 0.3185009620944779, 'HR@5': 0.4283480979676915}","{'NDCG@5': 0.29959352170608794, 'HR@5': 0.39839152608866224}","{'NDCG@5': 0.28510646282674446, 'HR@5': 0.3794792833146697}","{'NDCG@5': 0.2781547286171139, 'HR@5': 0.37114318943695696}","{'NDCG@5': 0.2597588185175005, 'HR@5': 0.3481284516260994}","{'NDCG@5': 0.22185389052474266, 'HR@5': 0.2950395203052603}"
"{'NDCG@5': 0.41111310861273304, 'HR@5': 0.537031741492708}","{'NDCG@5': 0.38158451421950695, 'HR@5': 0.5031645569620253}","{'NDCG@5': 0.3608056893031955, 'HR@5': 0.48293963254593175}","{'NDCG@5': 0.3429891094438017, 'HR@5': 0.4592432072012002}","{'NDCG@5': 0.3188592632500499, 'HR@5': 0.42795726941115164}","{'NDCG@5': 0.3002548562636413, 'HR@5': 0.39986269125147117}","{'NDCG@5': 0.28520720824679974, 'HR@5': 0.37891937290033595}","{'NDCG@5': 0.2794789604462198, 'HR@5': 0.37360607511801325}","{'NDCG@5': 0.26043606190669333, 'HR@5': 0.348810254312402}","{'NDCG@5': 0.22279176762092626, 'HR@5': 0.29681112019623873}"
"{'NDCG@5': 0.4112115181577092, 'HR@5': 0.536745782098942}","{'NDCG@5': 0.3838025026740918, 'HR@5': 0.5041382667964946}","{'NDCG@5': 0.36144104272800476, 'HR@5': 0.4821320411871593}","{'NDCG@5': 0.34205749909214844, 'HR@5': 0.45874312385397564}","{'NDCG@5': 0.31918549484870334, 'HR@5': 0.42965085982282436}","{'NDCG@5': 0.2998094415935917, 'HR@5': 0.3992742251863476}","{'NDCG@5': 0.28525497162585356, 'HR@5': 0.3793393057110862}","{'NDCG@5': 0.2789752241283685, 'HR@5': 0.3724430457686256}","{'NDCG@5': 0.2601132006400063, 'HR@5': 0.3477875502829481}","{'NDCG@5': 0.22263611859502797, 'HR@5': 0.29653856636685744}"
"{'NDCG@5': 0.4106058485057644, 'HR@5': 0.5364598227051759}","{'NDCG@5': 0.38484515835716104, 'HR@5': 0.5065725413826679}","{'NDCG@5': 0.3617484545121837, 'HR@5': 0.4809206541490006}","{'NDCG@5': 0.34308736373674076, 'HR@5': 0.4597432905484247}","{'NDCG@5': 0.31806881032657025, 'HR@5': 0.42678478374153206}","{'NDCG@5': 0.30047273791613655, 'HR@5': 0.39976461357395054}","{'NDCG@5': 0.285304230857333, 'HR@5': 0.3791993281075028}","{'NDCG@5': 0.2790791154414463, 'HR@5': 0.3725798727509065}","{'NDCG@5': 0.2602762220287298, 'HR@5': 0.3486057135065112}","{'NDCG@5': 0.223599926030685, 'HR@5': 0.29783319705641864}"
"{'NDCG@5': 0.41355794033980786, 'HR@5': 0.5398913354303689}","{'NDCG@5': 0.3847271635678374, 'HR@5': 0.5060856864654333}","{'NDCG@5': 0.3619632332537663, 'HR@5': 0.48011306279022814}","{'NDCG@5': 0.3430183343900782, 'HR@5': 0.4602433738956493}","{'NDCG@5': 0.31926986901703586, 'HR@5': 0.42965085982282436}","{'NDCG@5': 0.30146462715677935, 'HR@5': 0.4022165555119655}","{'NDCG@5': 0.28532697495727743, 'HR@5': 0.3796892497200448}","{'NDCG@5': 0.27966695852193774, 'HR@5': 0.3723062187863447}","{'NDCG@5': 0.26011338935335665, 'HR@5': 0.34785573055157837}","{'NDCG@5': 0.2238077708012746, 'HR@5': 0.2973562278550014}"
"{'NDCG@5': 0.41415800056603425, 'HR@5': 0.5410351730054332}","{'NDCG@5': 0.3849863291692978, 'HR@5': 0.50730282375852}","{'NDCG@5': 0.3631582690058502, 'HR@5': 0.4837472239047042}","{'NDCG@5': 0.34398660402057885, 'HR@5': 0.46191031838639773}","{'NDCG@5': 0.3190270799123722, 'HR@5': 0.42965085982282436}","{'NDCG@5': 0.3012009262938186, 'HR@5': 0.40231463318948607}","{'NDCG@5': 0.28543856187762856, 'HR@5': 0.3797592385218365}","{'NDCG@5': 0.28004073434877164, 'HR@5': 0.3728535267154683}","{'NDCG@5': 0.26054570703057556, 'HR@5': 0.34819663189472966}","{'NDCG@5': 0.22308954503944817, 'HR@5': 0.29633415099482147}"
"{'NDCG@5': 0.4145220295296697, 'HR@5': 0.5398913354303689}","{'NDCG@5': 0.38552931364292975, 'HR@5': 0.5075462512171373}","{'NDCG@5': 0.36181660126082554, 'HR@5': 0.48172824550777305}","{'NDCG@5': 0.34386284143108675, 'HR@5': 0.4597432905484247}","{'NDCG@5': 0.31880822050588353, 'HR@5': 0.4286086503387181}","{'NDCG@5': 0.3008158856233265, 'HR@5': 0.4007453903491565}","{'NDCG@5': 0.2853078871057452, 'HR@5': 0.3801791713325868}","{'NDCG@5': 0.2803389842985025, 'HR@5': 0.3729903536977492}","{'NDCG@5': 0.26011239118805146, 'HR@5': 0.34771937001431785}","{'NDCG@5': 0.2235580716909645, 'HR@5': 0.2966748432815481}"
"{'NDCG@5': 0.4153970077496324, 'HR@5': 0.5396053760366029}","{'NDCG@5': 0.384523423737608, 'HR@5': 0.5075462512171373}","{'NDCG@5': 0.36273318195013055, 'HR@5': 0.48314153038562485}","{'NDCG@5': 0.34426134952653054, 'HR@5': 0.4614102350391732}","{'NDCG@5': 0.31831860733772727, 'HR@5': 0.42678478374153206}","{'NDCG@5': 0.3015419326655602, 'HR@5': 0.4013338564142801}","{'NDCG@5': 0.28593334623840366, 'HR@5': 0.3801791713325868}","{'NDCG@5': 0.28078882435763897, 'HR@5': 0.373264007662311}","{'NDCG@5': 0.2602207624366101, 'HR@5': 0.3473102884025363}","{'NDCG@5': 0.2238526902731885, 'HR@5': 0.29783319705641864}"
"{'NDCG@5': 0.4154483603834232, 'HR@5': 0.5407492136116672}","{'NDCG@5': 0.3856316639222828, 'HR@5': 0.5070593962999026}","{'NDCG@5': 0.3629060088754039, 'HR@5': 0.48273773470623865}","{'NDCG@5': 0.3458453427087069, 'HR@5': 0.46274379063177196}","{'NDCG@5': 0.31860950474756605, 'HR@5': 0.42665450755601875}","{'NDCG@5': 0.3014639586826997, 'HR@5': 0.4011377010592389}","{'NDCG@5': 0.28671337834309174, 'HR@5': 0.3806690929451288}","{'NDCG@5': 0.28077996254978016, 'HR@5': 0.3725798727509065}","{'NDCG@5': 0.2609195372645862, 'HR@5': 0.3483329924319902}","{'NDCG@5': 0.2239776612529195, 'HR@5': 0.2985827200872172}"
"{'NDCG@5': 0.4154151415180282, 'HR@5': 0.5398913354303689}","{'NDCG@5': 0.3852106140781897, 'HR@5': 0.5077896786757546}","{'NDCG@5': 0.3648411875563957, 'HR@5': 0.48415101958409046}","{'NDCG@5': 0.3474088480840928, 'HR@5': 0.46457742957159526}","{'NDCG@5': 0.3190430547594516, 'HR@5': 0.42548202188639916}","{'NDCG@5': 0.3022358450346337, 'HR@5': 0.4019223224794037}","{'NDCG@5': 0.2865821635057588, 'HR@5': 0.3801791713325868}","{'NDCG@5': 0.2808314504254678, 'HR@5': 0.37278511322432784}","{'NDCG@5': 0.2621020741319928, 'HR@5': 0.3494238767300743}","{'NDCG@5': 0.2244156437800401, 'HR@5': 0.2985827200872172}"
"{'NDCG@5': 0.41738415488773745, 'HR@5': 0.5427509293680297}","{'NDCG@5': 0.38565894994821, 'HR@5': 0.5080331061343719}","{'NDCG@5': 0.36504566422210327, 'HR@5': 0.485160508782556}","{'NDCG@5': 0.3489827434311264, 'HR@5': 0.46641106851141856}","{'NDCG@5': 0.32045604335831923, 'HR@5': 0.4286086503387181}","{'NDCG@5': 0.3025512244390508, 'HR@5': 0.4013338564142801}","{'NDCG@5': 0.2876781855748722, 'HR@5': 0.3817889137737962}","{'NDCG@5': 0.28132909271418516, 'HR@5': 0.37292194020660874}","{'NDCG@5': 0.26214266629856386, 'HR@5': 0.34969659780459533}","{'NDCG@5': 0.22477332981793208, 'HR@5': 0.2987189970019079}"
"{'NDCG@5': 0.4172550274364076, 'HR@5': 0.5418930511867315}","{'NDCG@5': 0.3856600805108911, 'HR@5': 0.5085199610516066}","{'NDCG@5': 0.3657144508907835, 'HR@5': 0.48536240662224917}","{'NDCG@5': 0.349140927631586, 'HR@5': 0.4657442907151192}","{'NDCG@5': 0.32119572541714736, 'HR@5': 0.4295205836373111}","{'NDCG@5': 0.3029036266904168, 'HR@5': 0.40309925460965085}","{'NDCG@5': 0.28783777289058426, 'HR@5': 0.38227883538633817}","{'NDCG@5': 0.2817071590766208, 'HR@5': 0.37408496955599646}","{'NDCG@5': 0.26193011005630246, 'HR@5': 0.3494238767300743}","{'NDCG@5': 0.22404995362871252, 'HR@5': 0.29701553556827476}"
"{'NDCG@5': 0.4182937325868304, 'HR@5': 0.5441807263368602}","{'NDCG@5': 0.3868730205274109, 'HR@5': 0.5114410905550146}","{'NDCG@5': 0.36513215873178534, 'HR@5': 0.48596810014132846}","{'NDCG@5': 0.3495540331091264, 'HR@5': 0.4679113185530922}","{'NDCG@5': 0.3217256760795326, 'HR@5': 0.43017196456487755}","{'NDCG@5': 0.30299409280256756, 'HR@5': 0.40231463318948607}","{'NDCG@5': 0.28863210026170527, 'HR@5': 0.3837486002239642}","{'NDCG@5': 0.2820821671929092, 'HR@5': 0.3750427584319628}","{'NDCG@5': 0.26275196514713, 'HR@5': 0.35017385968500714}","{'NDCG@5': 0.22510529240407776, 'HR@5': 0.29878713545925323}"
"{'NDCG@5': 0.41959761270685847, 'HR@5': 0.5473262796682871}","{'NDCG@5': 0.387133455031031, 'HR@5': 0.5107108081791626}","{'NDCG@5': 0.36544784540502223, 'HR@5': 0.48596810014132846}","{'NDCG@5': 0.3489498789050029, 'HR@5': 0.46741123520586764}","{'NDCG@5': 0.3215369092096357, 'HR@5': 0.43095362167795725}","{'NDCG@5': 0.30291775148337785, 'HR@5': 0.40270694389956846}","{'NDCG@5': 0.28830973580121266, 'HR@5': 0.38262877939529677}","{'NDCG@5': 0.28216495735240954, 'HR@5': 0.3749059314496819}","{'NDCG@5': 0.26281895926713905, 'HR@5': 0.34983295834185585}","{'NDCG@5': 0.22529194772884054, 'HR@5': 0.2989915508312892}"
"{'NDCG@5': 0.41968909258684756, 'HR@5': 0.5464684014869888}","{'NDCG@5': 0.3878237861470711, 'HR@5': 0.5107108081791626}","{'NDCG@5': 0.3662221760484955, 'HR@5': 0.4875832828588734}","{'NDCG@5': 0.34955405925600164, 'HR@5': 0.4689114852475413}","{'NDCG@5': 0.32153286508371126, 'HR@5': 0.430823345492444}","{'NDCG@5': 0.3035031164844537, 'HR@5': 0.40251078854452726}","{'NDCG@5': 0.2889105220010968, 'HR@5': 0.38311870100783874}","{'NDCG@5': 0.2825323973389326, 'HR@5': 0.3751795854142437}","{'NDCG@5': 0.2629710426067569, 'HR@5': 0.3499011386104861}","{'NDCG@5': 0.22596852254015554, 'HR@5': 0.29946852003270646}"
"{'NDCG@5': 0.4218551468038415, 'HR@5': 0.5496139548184158}","{'NDCG@5': 0.38960183081631594, 'HR@5': 0.5143622200584226}","{'NDCG@5': 0.36706453856604637, 'HR@5': 0.4879870785382596}","{'NDCG@5': 0.34959116997173256, 'HR@5': 0.46824470745124186}","{'NDCG@5': 0.3231145907518548, 'HR@5': 0.4340802501302762}","{'NDCG@5': 0.3039706777964208, 'HR@5': 0.40309925460965085}","{'NDCG@5': 0.28883714097489765, 'HR@5': 0.384028555431131}","{'NDCG@5': 0.28283431312885954, 'HR@5': 0.37565847985222683}","{'NDCG@5': 0.26360426968132517, 'HR@5': 0.3514692847889821}","{'NDCG@5': 0.22547908326628247, 'HR@5': 0.29837830471518123}"
"{'NDCG@5': 0.4215615860335127, 'HR@5': 0.5481841578495854}","{'NDCG@5': 0.3886317591721454, 'HR@5': 0.5141187925998053}","{'NDCG@5': 0.3679300325242112, 'HR@5': 0.4875832828588734}","{'NDCG@5': 0.3502832538553232, 'HR@5': 0.47041173528921487}","{'NDCG@5': 0.3230401428671576, 'HR@5': 0.4338196977592496}","{'NDCG@5': 0.30428229331820617, 'HR@5': 0.403785798352295}","{'NDCG@5': 0.28939321998943845, 'HR@5': 0.3840985442329227}","{'NDCG@5': 0.28349245864742484, 'HR@5': 0.37668468221933366}","{'NDCG@5': 0.26400561559032504, 'HR@5': 0.35153746505761235}","{'NDCG@5': 0.22627310181057442, 'HR@5': 0.2992641046606705}"
"{'NDCG@5': 0.4215424340556614, 'HR@5': 0.5487560766371176}","{'NDCG@5': 0.38943010138708156, 'HR@5': 0.512414800389484}","{'NDCG@5': 0.36811927880221657, 'HR@5': 0.488592772057339}","{'NDCG@5': 0.35105894235600593, 'HR@5': 0.47107851308551424}","{'NDCG@5': 0.3230364205547715, 'HR@5': 0.4339499739447629}","{'NDCG@5': 0.3056156264809792, 'HR@5': 0.40613966261278933}","{'NDCG@5': 0.2896160042499347, 'HR@5': 0.38451847704367303}","{'NDCG@5': 0.2838625705986871, 'HR@5': 0.3774372306218786}","{'NDCG@5': 0.2648057404725679, 'HR@5': 0.353037430967478}","{'NDCG@5': 0.22701772731432465, 'HR@5': 0.30069501226492235}"
"{'NDCG@5': 0.42325145240444056, 'HR@5': 0.550185873605948}","{'NDCG@5': 0.38958998797142913, 'HR@5': 0.5131450827653359}","{'NDCG@5': 0.36781581706606586, 'HR@5': 0.48697758933979407}","{'NDCG@5': 0.35154761220380587, 'HR@5': 0.4720786797799633}","{'NDCG@5': 0.3239418608976478, 'HR@5': 0.4349921834288692}","{'NDCG@5': 0.3049671384664661, 'HR@5': 0.4054531188701452}","{'NDCG@5': 0.2904387402643793, 'HR@5': 0.38556830907054873}","{'NDCG@5': 0.28421856745988594, 'HR@5': 0.37736881713073817}","{'NDCG@5': 0.2647664821788233, 'HR@5': 0.353037430967478}","{'NDCG@5': 0.22707546893312405, 'HR@5': 0.300831289179613}"
"{'NDCG@5': 0.4225762089624865, 'HR@5': 0.5490420360308836}","{'NDCG@5': 0.39148463975965897, 'HR@5': 0.5158227848101266}","{'NDCG@5': 0.368551035455535, 'HR@5': 0.4883908742176459}","{'NDCG@5': 0.3526598389664435, 'HR@5': 0.4739123187197866}","{'NDCG@5': 0.3238791133968983, 'HR@5': 0.43486190724335594}","{'NDCG@5': 0.3054345171822346, 'HR@5': 0.4062377402903099}","{'NDCG@5': 0.2902284269447105, 'HR@5': 0.38535834266517355}","{'NDCG@5': 0.2849362485153375, 'HR@5': 0.3789423274269686}","{'NDCG@5': 0.2650412497071104, 'HR@5': 0.3526283493556965}","{'NDCG@5': 0.22807910880353638, 'HR@5': 0.30253475061324614}"
"{'NDCG@5': 0.4222135234220026, 'HR@5': 0.5513297111810123}","{'NDCG@5': 0.39081809481872604, 'HR@5': 0.5153359298928919}","{'NDCG@5': 0.3704005376857388, 'HR@5': 0.4912174439733495}","{'NDCG@5': 0.35352022555006263, 'HR@5': 0.47324554092348725}","{'NDCG@5': 0.3246274129755856, 'HR@5': 0.43551328817092233}","{'NDCG@5': 0.30565602639494277, 'HR@5': 0.4067281286779129}","{'NDCG@5': 0.28975450972996275, 'HR@5': 0.3849384098544233}","{'NDCG@5': 0.28455430848181285, 'HR@5': 0.3771635766573168}","{'NDCG@5': 0.2659134279833984, 'HR@5': 0.3538555941910411}","{'NDCG@5': 0.22852183488762626, 'HR@5': 0.3036249659307713}"
"{'NDCG@5': 0.4229336620364976, 'HR@5': 0.5519016299685444}","{'NDCG@5': 0.39138302492454513, 'HR@5': 0.51460564751704}","{'NDCG@5': 0.3706464510628174, 'HR@5': 0.49162123965273574}","{'NDCG@5': 0.3542820912884045, 'HR@5': 0.47457909651608604}","{'NDCG@5': 0.32554229861144945, 'HR@5': 0.43746743095362167}","{'NDCG@5': 0.305065431871736, 'HR@5': 0.4060415849352687}","{'NDCG@5': 0.29059841440316897, 'HR@5': 0.3854283314669653}","{'NDCG@5': 0.2851582612826198, 'HR@5': 0.3785318464801259}","{'NDCG@5': 0.2658971070131445, 'HR@5': 0.35351469284788983}","{'NDCG@5': 0.2279031812083077, 'HR@5': 0.30185336603979285}"
"{'NDCG@5': 0.4218555613397948, 'HR@5': 0.5510437517872462}","{'NDCG@5': 0.39362302065642263, 'HR@5': 0.5175267770204479}","{'NDCG@5': 0.3710691305916215, 'HR@5': 0.49040985261457704}","{'NDCG@5': 0.35437723921871506, 'HR@5': 0.4730788464744124}","{'NDCG@5': 0.3258564058542804, 'HR@5': 0.4373371547681084}","{'NDCG@5': 0.30598842873976856, 'HR@5': 0.4073165947430365}","{'NDCG@5': 0.29103616134962607, 'HR@5': 0.385498320268757}","{'NDCG@5': 0.2857359429065938, 'HR@5': 0.37942122186495175}","{'NDCG@5': 0.2659460593675763, 'HR@5': 0.35331015204199906}","{'NDCG@5': 0.2285508885859228, 'HR@5': 0.30219405832651947}"
"{'NDCG@5': 0.422706819163402, 'HR@5': 0.5516156705747783}","{'NDCG@5': 0.39366670406810017, 'HR@5': 0.5167964946445959}","{'NDCG@5': 0.37151397193518143, 'HR@5': 0.49182313749242884}","{'NDCG@5': 0.35463009511845106, 'HR@5': 0.47424570761793633}","{'NDCG@5': 0.32662732358138524, 'HR@5': 0.4381188118811881}","{'NDCG@5': 0.30627403054482855, 'HR@5': 0.4063358179678305}","{'NDCG@5': 0.291236404378971, 'HR@5': 0.38556830907054873}","{'NDCG@5': 0.2861085780452961, 'HR@5': 0.3801053567763563}","{'NDCG@5': 0.2659693858173005, 'HR@5': 0.35412831526556215}","{'NDCG@5': 0.2295219592817432, 'HR@5': 0.3045789043336059}"
"{'NDCG@5': 0.4227459726682114, 'HR@5': 0.550185873605948}","{'NDCG@5': 0.39440813871555297, 'HR@5': 0.5182570593963}","{'NDCG@5': 0.37088660140335944, 'HR@5': 0.49020795477488394}","{'NDCG@5': 0.35520169024048953, 'HR@5': 0.4744124020670112}","{'NDCG@5': 0.3263330813004114, 'HR@5': 0.438509640437728}","{'NDCG@5': 0.3063333916406119, 'HR@5': 0.4072185170655159}","{'NDCG@5': 0.29189616986121864, 'HR@5': 0.38689809630459127}","{'NDCG@5': 0.2857623735991289, 'HR@5': 0.3805842512143395}","{'NDCG@5': 0.2656357590388165, 'HR@5': 0.35433285607145293}","{'NDCG@5': 0.22968267516696225, 'HR@5': 0.30464704279095123}"
"{'NDCG@5': 0.42210143180539733, 'HR@5': 0.5498999142121819}","{'NDCG@5': 0.39336587195585326, 'HR@5': 0.5172833495618305}","{'NDCG@5': 0.37129623818696944, 'HR@5': 0.4896022612558046}","{'NDCG@5': 0.3552296244291769, 'HR@5': 0.47541256876146026}","{'NDCG@5': 0.32656137229833476, 'HR@5': 0.4381188118811881}","{'NDCG@5': 0.3060666159543644, 'HR@5': 0.4071204393879953}","{'NDCG@5': 0.29141227395477615, 'HR@5': 0.386478163493841}","{'NDCG@5': 0.28608886268012135, 'HR@5': 0.3808579051789013}","{'NDCG@5': 0.26630884435620095, 'HR@5': 0.35494647848912525}","{'NDCG@5': 0.2292174183653811, 'HR@5': 0.3041700735895339}"
"{'NDCG@5': 0.4225986165901181, 'HR@5': 0.550471832999714}","{'NDCG@5': 0.394339443615191, 'HR@5': 0.5177702044790652}","{'NDCG@5': 0.3708308718525106, 'HR@5': 0.49081364829396323}","{'NDCG@5': 0.3556078383119921, 'HR@5': 0.4762460410068345}","{'NDCG@5': 0.325741576378894, 'HR@5': 0.43694632621156854}","{'NDCG@5': 0.30688085077680843, 'HR@5': 0.4077089054531189}","{'NDCG@5': 0.2920795356272648, 'HR@5': 0.3865481522956327}","{'NDCG@5': 0.28587032841236865, 'HR@5': 0.3801053567763563}","{'NDCG@5': 0.2671908060629604, 'HR@5': 0.35590100224994886}","{'NDCG@5': 0.23009970822082623, 'HR@5': 0.3051921504497138}"
"{'NDCG@5': 0.4241389928989913, 'HR@5': 0.5524735487560767}","{'NDCG@5': 0.3934968150174386, 'HR@5': 0.5170399221032133}","{'NDCG@5': 0.37167761240847313, 'HR@5': 0.4914193418130426}","{'NDCG@5': 0.35622889181465206, 'HR@5': 0.4759126521086848}","{'NDCG@5': 0.32651101431407775, 'HR@5': 0.43785825951016155}","{'NDCG@5': 0.30753456344325125, 'HR@5': 0.41025892506865436}","{'NDCG@5': 0.2927784466117192, 'HR@5': 0.3875279955207167}","{'NDCG@5': 0.286628821596553, 'HR@5': 0.38147362659916534}","{'NDCG@5': 0.267397278817512, 'HR@5': 0.35562828117542783}","{'NDCG@5': 0.2301203419260884, 'HR@5': 0.3049195966203325}"
"{'NDCG@5': 0.4238437941462427, 'HR@5': 0.5539033457249071}","{'NDCG@5': 0.39419089673253666, 'HR@5': 0.5182570593963}","{'NDCG@5': 0.371303955889733, 'HR@5': 0.49303452453058755}","{'NDCG@5': 0.3570909911061593, 'HR@5': 0.4774129021503584}","{'NDCG@5': 0.3263304144562539, 'HR@5': 0.43772798332464824}","{'NDCG@5': 0.3079581787175662, 'HR@5': 0.4105531581012162}","{'NDCG@5': 0.29311628624090097, 'HR@5': 0.3883678611422172}","{'NDCG@5': 0.287607853493577, 'HR@5': 0.38249982896627216}","{'NDCG@5': 0.2680678918655088, 'HR@5': 0.3559691825185791}","{'NDCG@5': 0.23034389611291078, 'HR@5': 0.30505587353502317}"
"{'NDCG@5': 0.4241619018712128, 'HR@5': 0.5547612239062053}","{'NDCG@5': 0.3951813499805847, 'HR@5': 0.5197176241480039}","{'NDCG@5': 0.37251628061242514, 'HR@5': 0.49384211588936}","{'NDCG@5': 0.3567919468436173, 'HR@5': 0.47691281880313385}","{'NDCG@5': 0.3269788770946327, 'HR@5': 0.4389004689942678}","{'NDCG@5': 0.30839075223389895, 'HR@5': 0.41065123577873675}","{'NDCG@5': 0.29357114300590054, 'HR@5': 0.38892777155655095}","{'NDCG@5': 0.28749262100968453, 'HR@5': 0.38208934801942945}","{'NDCG@5': 0.26750764945915234, 'HR@5': 0.35556010090679757}","{'NDCG@5': 0.2299942717868904, 'HR@5': 0.3048514581629872}"
"{'NDCG@5': 0.42594338764162587, 'HR@5': 0.5544752645124392}","{'NDCG@5': 0.3955397187265202, 'HR@5': 0.5185004868549172}","{'NDCG@5': 0.3736338991156502, 'HR@5': 0.49626488996567736}","{'NDCG@5': 0.3576315542739568, 'HR@5': 0.47724620770128356}","{'NDCG@5': 0.3274643448598095, 'HR@5': 0.438509640437728}","{'NDCG@5': 0.30931001618591647, 'HR@5': 0.41114162416633976}","{'NDCG@5': 0.2943480267427225, 'HR@5': 0.3897676371780515}","{'NDCG@5': 0.28844909107863376, 'HR@5': 0.3832523773688171}","{'NDCG@5': 0.26844744620243516, 'HR@5': 0.35692370627940273}","{'NDCG@5': 0.23046156004616758, 'HR@5': 0.3051921504497138}"
"{'NDCG@5': 0.4260003052330685, 'HR@5': 0.5544752645124392}","{'NDCG@5': 0.39742907466326916, 'HR@5': 0.5214216163583252}","{'NDCG@5': 0.3749244433226575, 'HR@5': 0.4968705834847567}","{'NDCG@5': 0.3580436786802132, 'HR@5': 0.4780796799466578}","{'NDCG@5': 0.32723710933011474, 'HR@5': 0.4379885356956748}","{'NDCG@5': 0.30935613635817977, 'HR@5': 0.41074931345625737}","{'NDCG@5': 0.29475560418490654, 'HR@5': 0.3902575587905935}","{'NDCG@5': 0.2888961498689877, 'HR@5': 0.3838680987890812}","{'NDCG@5': 0.26863903243101817, 'HR@5': 0.357264607622554}","{'NDCG@5': 0.2310023224042837, 'HR@5': 0.30628236576723905}"
"{'NDCG@5': 0.42646078073862626, 'HR@5': 0.5573348584501001}","{'NDCG@5': 0.3962319727818845, 'HR@5': 0.5206913339824732}","{'NDCG@5': 0.37487327893275685, 'HR@5': 0.49606299212598426}","{'NDCG@5': 0.35830090923062613, 'HR@5': 0.4794132355392565}","{'NDCG@5': 0.32673339164627263, 'HR@5': 0.43642522146951535}","{'NDCG@5': 0.31005251188654215, 'HR@5': 0.41133777952138095}","{'NDCG@5': 0.29591051842885957, 'HR@5': 0.3916573348264278}","{'NDCG@5': 0.28941839180978707, 'HR@5': 0.3837312718068003}","{'NDCG@5': 0.2690390658100068, 'HR@5': 0.35801459057748686}","{'NDCG@5': 0.23177645674510575, 'HR@5': 0.3073044426274189}"
"{'NDCG@5': 0.42749568404048827, 'HR@5': 0.5587646554189305}","{'NDCG@5': 0.3980957959621732, 'HR@5': 0.5219084712755598}","{'NDCG@5': 0.3756146252843503, 'HR@5': 0.4982838683626085}","{'NDCG@5': 0.35858639694554023, 'HR@5': 0.4804134022337056}","{'NDCG@5': 0.3270586112557395, 'HR@5': 0.4361646690984888}","{'NDCG@5': 0.3111918389256651, 'HR@5': 0.41271086700666926}","{'NDCG@5': 0.2964875389376805, 'HR@5': 0.39221724524076146}","{'NDCG@5': 0.2901801961444116, 'HR@5': 0.3843469932270644}","{'NDCG@5': 0.26917361041607274, 'HR@5': 0.3574691484284448}","{'NDCG@5': 0.23227039658787868, 'HR@5': 0.3076451349141455}"
"{'NDCG@5': 0.427792278348062, 'HR@5': 0.557048899056334}","{'NDCG@5': 0.3985886438279414, 'HR@5': 0.5221518987341772}","{'NDCG@5': 0.3762179586323495, 'HR@5': 0.4994952554007672}","{'NDCG@5': 0.359510844567268, 'HR@5': 0.4794132355392565}","{'NDCG@5': 0.327170519126493, 'HR@5': 0.4360343929129755}","{'NDCG@5': 0.311203533690888, 'HR@5': 0.41329933307179284}","{'NDCG@5': 0.2967300973595297, 'HR@5': 0.39221724524076146}","{'NDCG@5': 0.2904237433542234, 'HR@5': 0.38427857973592394}","{'NDCG@5': 0.27007187029222274, 'HR@5': 0.3595145564873526}","{'NDCG@5': 0.23305600066339616, 'HR@5': 0.30866721177432543}"
"{'NDCG@5': 0.42758817485245004, 'HR@5': 0.5564769802688019}","{'NDCG@5': 0.3988774502135637, 'HR@5': 0.5236124634858812}","{'NDCG@5': 0.37584071726378654, 'HR@5': 0.5001009489198466}","{'NDCG@5': 0.35919266414635037, 'HR@5': 0.47907984664110687}","{'NDCG@5': 0.3265946187711583, 'HR@5': 0.4359041167274622}","{'NDCG@5': 0.3110894451040119, 'HR@5': 0.41378972145939585}","{'NDCG@5': 0.2971437454916717, 'HR@5': 0.393057110862262}","{'NDCG@5': 0.29114449352539334, 'HR@5': 0.38578367654101386}","{'NDCG@5': 0.2701320195937852, 'HR@5': 0.3595145564873526}","{'NDCG@5': 0.2332201409298493, 'HR@5': 0.30866721177432543}"
"{'NDCG@5': 0.4284691091890727, 'HR@5': 0.5584786960251644}","{'NDCG@5': 0.39840288465437773, 'HR@5': 0.5231256085686465}","{'NDCG@5': 0.37501862413901416, 'HR@5': 0.4980819705229154}","{'NDCG@5': 0.3598906112926606, 'HR@5': 0.4799133188864811}","{'NDCG@5': 0.3280143651345949, 'HR@5': 0.43903074517978113}","{'NDCG@5': 0.311694451269318, 'HR@5': 0.41320125539427227}","{'NDCG@5': 0.2970398010928692, 'HR@5': 0.39361702127659576}","{'NDCG@5': 0.2912293614817178, 'HR@5': 0.3865362249435589}","{'NDCG@5': 0.2702871152464218, 'HR@5': 0.35958273675598285}","{'NDCG@5': 0.23312425168353834, 'HR@5': 0.3083265194875988}"
"{'NDCG@5': 0.42961291704409826, 'HR@5': 0.5607663711752932}","{'NDCG@5': 0.39797920189072156, 'HR@5': 0.5231256085686465}","{'NDCG@5': 0.3769849521857756, 'HR@5': 0.5023218251564708}","{'NDCG@5': 0.3606539655305031, 'HR@5': 0.48158026337722953}","{'NDCG@5': 0.3277814011244661, 'HR@5': 0.43877019280875457}","{'NDCG@5': 0.31206481062300406, 'HR@5': 0.41447626520204}","{'NDCG@5': 0.2977226803798177, 'HR@5': 0.39466685330347145}","{'NDCG@5': 0.29172559316903085, 'HR@5': 0.38728877334610384}","{'NDCG@5': 0.2711146242554904, 'HR@5': 0.3612872434717393}","{'NDCG@5': 0.23372277502608646, 'HR@5': 0.3088034886890161}"
"{'NDCG@5': 0.429710949629829, 'HR@5': 0.5616242493565914}","{'NDCG@5': 0.39718849937772704, 'HR@5': 0.5211781888997079}","{'NDCG@5': 0.37824477865347617, 'HR@5': 0.502725620835857}","{'NDCG@5': 0.3608129373206268, 'HR@5': 0.4814135689281547}","{'NDCG@5': 0.3290924876718192, 'HR@5': 0.44124544033350704}","{'NDCG@5': 0.3123878471368871, 'HR@5': 0.4150647312671636}","{'NDCG@5': 0.2977466867912845, 'HR@5': 0.39361702127659576}","{'NDCG@5': 0.2914955077040033, 'HR@5': 0.3866730519258398}","{'NDCG@5': 0.27101906351444677, 'HR@5': 0.3612872434717393}","{'NDCG@5': 0.23349489110579355, 'HR@5': 0.30812210411556284}"
"{'NDCG@5': 0.43179498543835176, 'HR@5': 0.5636259651129539}","{'NDCG@5': 0.39758668756776244, 'HR@5': 0.5209347614410905}","{'NDCG@5': 0.37752508846749483, 'HR@5': 0.5023218251564708}","{'NDCG@5': 0.3605621430263843, 'HR@5': 0.48274712452075347}","{'NDCG@5': 0.3290867116035707, 'HR@5': 0.43981240229286084}","{'NDCG@5': 0.3124953967308363, 'HR@5': 0.41614358571989013}","{'NDCG@5': 0.298687160825084, 'HR@5': 0.3950867861142217}","{'NDCG@5': 0.29153534516182616, 'HR@5': 0.3876308408018061}","{'NDCG@5': 0.2708788562610161, 'HR@5': 0.3612872434717393}","{'NDCG@5': 0.23353264463609386, 'HR@5': 0.30873535023167076}"
"{'NDCG@5': 0.43214802513363093, 'HR@5': 0.5641978839004861}","{'NDCG@5': 0.3981297785574532, 'HR@5': 0.5214216163583252}","{'NDCG@5': 0.3777023337378275, 'HR@5': 0.502725620835857}","{'NDCG@5': 0.3608403300326461, 'HR@5': 0.4822470411735289}","{'NDCG@5': 0.32909410514917464, 'HR@5': 0.43981240229286084}","{'NDCG@5': 0.3125064433979916, 'HR@5': 0.41594743036484894}","{'NDCG@5': 0.298683226754057, 'HR@5': 0.39501679731243}","{'NDCG@5': 0.29171866519675105, 'HR@5': 0.38756242731066565}","{'NDCG@5': 0.27144861708224877, 'HR@5': 0.3616281448148906}","{'NDCG@5': 0.23426001651428793, 'HR@5': 0.3100981193785773}"
"{'NDCG@5': 0.43108739415735514, 'HR@5': 0.5624821275378896}","{'NDCG@5': 0.40014601242362685, 'HR@5': 0.5226387536514119}","{'NDCG@5': 0.37779469588226994, 'HR@5': 0.5021199273167777}","{'NDCG@5': 0.3607344779770326, 'HR@5': 0.483247207867978}","{'NDCG@5': 0.32963734390946103, 'HR@5': 0.44007295466388746}","{'NDCG@5': 0.3130720265838585, 'HR@5': 0.4171243624950961}","{'NDCG@5': 0.29998084468364367, 'HR@5': 0.396486562150056}","{'NDCG@5': 0.29199882018562656, 'HR@5': 0.38783608127522745}","{'NDCG@5': 0.2716544215762913, 'HR@5': 0.36149178427763007}","{'NDCG@5': 0.2347643231421094, 'HR@5': 0.31084764240937585}"
"{'NDCG@5': 0.43103489780131343, 'HR@5': 0.5630540463254218}","{'NDCG@5': 0.3996634797462102, 'HR@5': 0.5240993184031159}","{'NDCG@5': 0.37953355140809575, 'HR@5': 0.5045427013930951}","{'NDCG@5': 0.36054033529502044, 'HR@5': 0.48424737456242706}","{'NDCG@5': 0.3303088718006439, 'HR@5': 0.44111516414799373}","{'NDCG@5': 0.31371021731078447, 'HR@5': 0.4171243624950961}","{'NDCG@5': 0.3000527409300222, 'HR@5': 0.3962765957446808}","{'NDCG@5': 0.29278407798383205, 'HR@5': 0.3894095915714579}","{'NDCG@5': 0.2722875374770398, 'HR@5': 0.36217358696393265}","{'NDCG@5': 0.235382217184714, 'HR@5': 0.31139275006813844}"
"{'NDCG@5': 0.4330355646937928, 'HR@5': 0.5656276808693166}","{'NDCG@5': 0.3996340516917938, 'HR@5': 0.5228821811100293}","{'NDCG@5': 0.3798837593253966, 'HR@5': 0.5039370078740157}","{'NDCG@5': 0.36097820404848463, 'HR@5': 0.483247207867978}","{'NDCG@5': 0.33104887332680105, 'HR@5': 0.4415059927045336}","{'NDCG@5': 0.3138954022445192, 'HR@5': 0.4173205178501373}","{'NDCG@5': 0.30025622612473335, 'HR@5': 0.3965565509518477}","{'NDCG@5': 0.29307396381434586, 'HR@5': 0.3881097352397893}","{'NDCG@5': 0.27207767018515344, 'HR@5': 0.36183268562078136}","{'NDCG@5': 0.23510318805130082, 'HR@5': 0.31050695012264923}"
"{'NDCG@5': 0.4336410124262641, 'HR@5': 0.5650557620817844}","{'NDCG@5': 0.3995511208054707, 'HR@5': 0.5211781888997079}","{'NDCG@5': 0.3801293909827451, 'HR@5': 0.5049464970724813}","{'NDCG@5': 0.3622586486161899, 'HR@5': 0.4850808468078013}","{'NDCG@5': 0.3304695600780324, 'HR@5': 0.44111516414799373}","{'NDCG@5': 0.31403401326511243, 'HR@5': 0.4178109062377403}","{'NDCG@5': 0.3000873902922987, 'HR@5': 0.39683650615901456}","{'NDCG@5': 0.2929227625523366, 'HR@5': 0.38817814873092976}","{'NDCG@5': 0.27212742312432303, 'HR@5': 0.36169632508352084}","{'NDCG@5': 0.23462411556247628, 'HR@5': 0.3098937040065413}"
"{'NDCG@5': 0.43440809776636297, 'HR@5': 0.5644838432942522}","{'NDCG@5': 0.40028893014581096, 'HR@5': 0.5238558909444986}","{'NDCG@5': 0.3801497342618955, 'HR@5': 0.5049464970724813}","{'NDCG@5': 0.361873250436466, 'HR@5': 0.48374729121520255}","{'NDCG@5': 0.3310326671156212, 'HR@5': 0.4416362688900469}","{'NDCG@5': 0.3139432133800877, 'HR@5': 0.4182032169478227}","{'NDCG@5': 0.3002872394060612, 'HR@5': 0.3973964165733483}","{'NDCG@5': 0.293527365177473, 'HR@5': 0.3891359376068961}","{'NDCG@5': 0.2730167175660464, 'HR@5': 0.36251448830708394}","{'NDCG@5': 0.23509744790902498, 'HR@5': 0.309825565549196}"
"{'NDCG@5': 0.4353019184638189, 'HR@5': 0.5653417214755505}","{'NDCG@5': 0.4008735809658823, 'HR@5': 0.5245861733203505}","{'NDCG@5': 0.3813316022541894, 'HR@5': 0.505955986270947}","{'NDCG@5': 0.3613943683053617, 'HR@5': 0.48274712452075347}","{'NDCG@5': 0.3314292957542025, 'HR@5': 0.44293903074517976}","{'NDCG@5': 0.31424313157442046, 'HR@5': 0.4185955276579051}","{'NDCG@5': 0.30086689086600504, 'HR@5': 0.3973964165733483}","{'NDCG@5': 0.2934863887725979, 'HR@5': 0.3895464185537388}","{'NDCG@5': 0.2726160490996177, 'HR@5': 0.3627190291129747}","{'NDCG@5': 0.23463476186356533, 'HR@5': 0.31057508857999455}"
"{'NDCG@5': 0.4358778962755343, 'HR@5': 0.567057477838147}","{'NDCG@5': 0.4014721851646039, 'HR@5': 0.5245861733203505}","{'NDCG@5': 0.38103173077864966, 'HR@5': 0.5043408035534019}","{'NDCG@5': 0.36178916297824965, 'HR@5': 0.48191365227537925}","{'NDCG@5': 0.3317542426028729, 'HR@5': 0.44293903074517976}","{'NDCG@5': 0.3148415887521389, 'HR@5': 0.4185955276579051}","{'NDCG@5': 0.30085846460390603, 'HR@5': 0.39683650615901456}","{'NDCG@5': 0.2940852495017933, 'HR@5': 0.3907094479031265}","{'NDCG@5': 0.27342481709650235, 'HR@5': 0.3634008317992773}","{'NDCG@5': 0.2352223924957067, 'HR@5': 0.3109839193240665}"
"{'NDCG@5': 0.43639184207158466, 'HR@5': 0.5676293966256791}","{'NDCG@5': 0.4023830244954113, 'HR@5': 0.5267770204479065}","{'NDCG@5': 0.3818610822197134, 'HR@5': 0.5065616797900262}","{'NDCG@5': 0.3625876879954389, 'HR@5': 0.4847474579096516}","{'NDCG@5': 0.33163626950349484, 'HR@5': 0.4426784783741532}","{'NDCG@5': 0.31497784362726094, 'HR@5': 0.4189878383679874}","{'NDCG@5': 0.3016388218481264, 'HR@5': 0.3980963045912654}","{'NDCG@5': 0.2947408173698062, 'HR@5': 0.39118834234110966}","{'NDCG@5': 0.2740502102312877, 'HR@5': 0.36380991341105884}","{'NDCG@5': 0.2356870040954593, 'HR@5': 0.31118833469610246}"
"{'NDCG@5': 0.43720215414043895, 'HR@5': 0.5687732342007435}","{'NDCG@5': 0.40330203715042806, 'HR@5': 0.5265335929892891}","{'NDCG@5': 0.3829713740673723, 'HR@5': 0.5073692711487987}","{'NDCG@5': 0.3630695682221127, 'HR@5': 0.4840806801133522}","{'NDCG@5': 0.3327020889545838, 'HR@5': 0.44463262115685254}","{'NDCG@5': 0.3153143164164012, 'HR@5': 0.4198705374656728}","{'NDCG@5': 0.3019474292319614, 'HR@5': 0.39886618141097424}","{'NDCG@5': 0.2943150776641985, 'HR@5': 0.39050420742970515}","{'NDCG@5': 0.27443285602518663, 'HR@5': 0.3644917160973614}","{'NDCG@5': 0.23557712545726175, 'HR@5': 0.31084764240937585}"
"{'NDCG@5': 0.43727410489026924, 'HR@5': 0.567343437231913}","{'NDCG@5': 0.402287238969699, 'HR@5': 0.5253164556962026}","{'NDCG@5': 0.38198092012714807, 'HR@5': 0.5069654754694125}","{'NDCG@5': 0.36331389654851676, 'HR@5': 0.48608101350225036}","{'NDCG@5': 0.33206745921623926, 'HR@5': 0.4430693069306931}","{'NDCG@5': 0.31557659691909484, 'HR@5': 0.4203609258532758}","{'NDCG@5': 0.30224844281338514, 'HR@5': 0.3992161254199328}","{'NDCG@5': 0.2939480397276605, 'HR@5': 0.3896832455360197}","{'NDCG@5': 0.2737809044376033, 'HR@5': 0.36360537260516806}","{'NDCG@5': 0.2351693551956712, 'HR@5': 0.3107795039520305}"
"{'NDCG@5': 0.4377623600094276, 'HR@5': 0.5687732342007435}","{'NDCG@5': 0.4024307218088766, 'HR@5': 0.5275073028237586}","{'NDCG@5': 0.38282644114253805, 'HR@5': 0.5081768625075712}","{'NDCG@5': 0.36338398405436484, 'HR@5': 0.48608101350225036}","{'NDCG@5': 0.33272995242248715, 'HR@5': 0.44463262115685254}","{'NDCG@5': 0.31642498195211727, 'HR@5': 0.4214397803060024}","{'NDCG@5': 0.3030046059878172, 'HR@5': 0.40012597984322507}","{'NDCG@5': 0.29468718805119165, 'HR@5': 0.3908462748854074}","{'NDCG@5': 0.27459091336780744, 'HR@5': 0.3648326174405127}","{'NDCG@5': 0.23576055016201813, 'HR@5': 0.3116653038975198}"
"{'NDCG@5': 0.43923908856970995, 'HR@5': 0.5707749499571061}","{'NDCG@5': 0.4036654823299852, 'HR@5': 0.5282375851996105}","{'NDCG@5': 0.3831589425333284, 'HR@5': 0.5077730668281849}","{'NDCG@5': 0.3632791434772023, 'HR@5': 0.4849141523587265}","{'NDCG@5': 0.33346463510702695, 'HR@5': 0.4450234497133924}","{'NDCG@5': 0.31683059208400216, 'HR@5': 0.4222244017261671}","{'NDCG@5': 0.3032835714022504, 'HR@5': 0.40096584546472563}","{'NDCG@5': 0.294481094690386, 'HR@5': 0.3899568995005815}","{'NDCG@5': 0.27500774813233625, 'HR@5': 0.3650371582464035}","{'NDCG@5': 0.2359318879193712, 'HR@5': 0.31214227309893705}"
"{'NDCG@5': 0.4394020991274657, 'HR@5': 0.57048899056334}","{'NDCG@5': 0.4044199841822258, 'HR@5': 0.5294547224926972}","{'NDCG@5': 0.38296339144700287, 'HR@5': 0.5079749646678781}","{'NDCG@5': 0.3635324504761964, 'HR@5': 0.48641440240040007}","{'NDCG@5': 0.3342964476502537, 'HR@5': 0.44554455445544555}","{'NDCG@5': 0.31746890697506025, 'HR@5': 0.4227147901137701}","{'NDCG@5': 0.30310598565734026, 'HR@5': 0.40040593505039196}","{'NDCG@5': 0.29437373179499526, 'HR@5': 0.39023055346514335}","{'NDCG@5': 0.2744037530609646, 'HR@5': 0.36524169905229426}","{'NDCG@5': 0.23648363984550652, 'HR@5': 0.3128236576723903}"
"{'NDCG@5': 0.43907768054516266, 'HR@5': 0.5722047469259365}","{'NDCG@5': 0.40582013515620674, 'HR@5': 0.5314021421616358}","{'NDCG@5': 0.3838547100011246, 'HR@5': 0.5099939430648092}","{'NDCG@5': 0.3638134549357493, 'HR@5': 0.4859143190531755}","{'NDCG@5': 0.33401790692783645, 'HR@5': 0.44632621156852526}","{'NDCG@5': 0.3181262979470929, 'HR@5': 0.4236955668889761}","{'NDCG@5': 0.3034293694167173, 'HR@5': 0.39998600223964165}","{'NDCG@5': 0.2949614160073368, 'HR@5': 0.3899568995005815}","{'NDCG@5': 0.27486341849874807, 'HR@5': 0.3650371582464035}","{'NDCG@5': 0.23651834733232, 'HR@5': 0.3128236576723903}"
"{'NDCG@5': 0.44004940810910903, 'HR@5': 0.5724907063197026}","{'NDCG@5': 0.40576591582029464, 'HR@5': 0.5314021421616358}","{'NDCG@5': 0.3836560429072429, 'HR@5': 0.5097920452251161}","{'NDCG@5': 0.363721482628661, 'HR@5': 0.4862477079513252}","{'NDCG@5': 0.334172095868394, 'HR@5': 0.4458051068264721}","{'NDCG@5': 0.31820677557509447, 'HR@5': 0.42340133385641426}","{'NDCG@5': 0.3031818076292863, 'HR@5': 0.3995660694288914}","{'NDCG@5': 0.2955986484360976, 'HR@5': 0.39214613121707603}","{'NDCG@5': 0.27511904597854175, 'HR@5': 0.3656507806640758}","{'NDCG@5': 0.2366895393741505, 'HR@5': 0.3135731807031889}"
"{'NDCG@5': 0.44014900603746454, 'HR@5': 0.5730626251072348}","{'NDCG@5': 0.4044844694515288, 'HR@5': 0.5323758519961052}","{'NDCG@5': 0.38377353146517373, 'HR@5': 0.5099939430648092}","{'NDCG@5': 0.363431649524571, 'HR@5': 0.4865810968494749}","{'NDCG@5': 0.33537972461601634, 'HR@5': 0.4481500781657113}","{'NDCG@5': 0.318925342704132, 'HR@5': 0.4247744213417026}","{'NDCG@5': 0.30312134914687294, 'HR@5': 0.39907614781634937}","{'NDCG@5': 0.2957170698315042, 'HR@5': 0.3919408907436546}","{'NDCG@5': 0.2754581259475385, 'HR@5': 0.3666053044248994}","{'NDCG@5': 0.23655620808516867, 'HR@5': 0.3128917961297356}"
"{'NDCG@5': 0.4402059010242104, 'HR@5': 0.5716328281384043}","{'NDCG@5': 0.40406739581942536, 'HR@5': 0.5311587147030185}","{'NDCG@5': 0.3837849119491384, 'HR@5': 0.511407227942661}","{'NDCG@5': 0.36368106703862274, 'HR@5': 0.4869144857476246}","{'NDCG@5': 0.3355172839909375, 'HR@5': 0.4484106305367379}","{'NDCG@5': 0.3193914759029265, 'HR@5': 0.425166732051785}","{'NDCG@5': 0.3037278919622196, 'HR@5': 0.4005459126539754}","{'NDCG@5': 0.29591134020211746, 'HR@5': 0.3924881986727783}","{'NDCG@5': 0.2762560476455905, 'HR@5': 0.3669462057680507}","{'NDCG@5': 0.23719469190043918, 'HR@5': 0.3138457345325702}"
"{'NDCG@5': 0.4405467707313607, 'HR@5': 0.5722047469259365}","{'NDCG@5': 0.40438968919655227, 'HR@5': 0.5309152872444012}","{'NDCG@5': 0.38439821788852035, 'HR@5': 0.5116091257823542}","{'NDCG@5': 0.3633307016595185, 'HR@5': 0.4857476246041007}","{'NDCG@5': 0.33586089243760303, 'HR@5': 0.4481500781657113}","{'NDCG@5': 0.3190458219883654, 'HR@5': 0.4249705766967438}","{'NDCG@5': 0.3036315323106538, 'HR@5': 0.40047592385218367}","{'NDCG@5': 0.2961380920073554, 'HR@5': 0.39241978518163784}","{'NDCG@5': 0.27641058209590513, 'HR@5': 0.3669462057680507}","{'NDCG@5': 0.23745542638345318, 'HR@5': 0.31398201144726084}"
"{'NDCG@5': 0.4411163278862858, 'HR@5': 0.5727766657134686}","{'NDCG@5': 0.40558474904173974, 'HR@5': 0.5331061343719572}","{'NDCG@5': 0.38462165742818805, 'HR@5': 0.5108015344235817}","{'NDCG@5': 0.362423885405073, 'HR@5': 0.4857476246041007}","{'NDCG@5': 0.3359499431094952, 'HR@5': 0.4484106305367379}","{'NDCG@5': 0.3191652816104669, 'HR@5': 0.42457826598666143}","{'NDCG@5': 0.3045660796527436, 'HR@5': 0.4018057110862262}","{'NDCG@5': 0.29605979068607163, 'HR@5': 0.39269343914619964}","{'NDCG@5': 0.27663236042822287, 'HR@5': 0.3680370900661349}","{'NDCG@5': 0.23748410882569893, 'HR@5': 0.3133687653311529}"
"{'NDCG@5': 0.44201282738031383, 'HR@5': 0.5744924220760652}","{'NDCG@5': 0.40507310953112313, 'HR@5': 0.5321324245374879}","{'NDCG@5': 0.38522306777866716, 'HR@5': 0.5112053301029679}","{'NDCG@5': 0.36241199788668255, 'HR@5': 0.4844140690115019}","{'NDCG@5': 0.3362878251580728, 'HR@5': 0.4503647733194372}","{'NDCG@5': 0.31930717103441486, 'HR@5': 0.42448018830914086}","{'NDCG@5': 0.30498813679660836, 'HR@5': 0.40236562150055993}","{'NDCG@5': 0.2957017030469774, 'HR@5': 0.39173565027023327}","{'NDCG@5': 0.27738191236301124, 'HR@5': 0.368855253289698}","{'NDCG@5': 0.23767161356309163, 'HR@5': 0.31370945761787955}"
"{'NDCG@5': 0.4429762596066277, 'HR@5': 0.5773520160137261}","{'NDCG@5': 0.40536344357328064, 'HR@5': 0.5328627069133398}","{'NDCG@5': 0.38377327059257416, 'HR@5': 0.5093882495457298}","{'NDCG@5': 0.3623888863333044, 'HR@5': 0.48341390231705283}","{'NDCG@5': 0.33631145913884863, 'HR@5': 0.45023449713392394}","{'NDCG@5': 0.31925225450924016, 'HR@5': 0.42438211063162024}","{'NDCG@5': 0.3046485014019963, 'HR@5': 0.40222564389697646}","{'NDCG@5': 0.2958744442980741, 'HR@5': 0.391393582814531}","{'NDCG@5': 0.27720929519663284, 'HR@5': 0.3686507124838072}","{'NDCG@5': 0.23813853234640087, 'HR@5': 0.31398201144726084}"
"{'NDCG@5': 0.44289392422725354, 'HR@5': 0.5759222190448956}","{'NDCG@5': 0.40509986829420214, 'HR@5': 0.5335929892891919}","{'NDCG@5': 0.38364585029514403, 'HR@5': 0.5091863517060368}","{'NDCG@5': 0.3628810967684412, 'HR@5': 0.485414235705951}","{'NDCG@5': 0.3361927389330037, 'HR@5': 0.44854090672225116}","{'NDCG@5': 0.3193428951336041, 'HR@5': 0.42506865437426444}","{'NDCG@5': 0.305058817259299, 'HR@5': 0.40264557670772677}","{'NDCG@5': 0.2958774883772459, 'HR@5': 0.39228295819935693}","{'NDCG@5': 0.27699465211077384, 'HR@5': 0.3683779914092862}","{'NDCG@5': 0.23824519657671678, 'HR@5': 0.3146633960207141}"
"{'NDCG@5': 0.4432447571366357, 'HR@5': 0.5759222190448956}","{'NDCG@5': 0.4060205960358463, 'HR@5': 0.5345666991236612}","{'NDCG@5': 0.38369000696501243, 'HR@5': 0.5085806581869574}","{'NDCG@5': 0.3639710381214396, 'HR@5': 0.4862477079513252}","{'NDCG@5': 0.33615738422174996, 'HR@5': 0.4481500781657113}","{'NDCG@5': 0.3197654169959521, 'HR@5': 0.42526480972930564}","{'NDCG@5': 0.305215115116342, 'HR@5': 0.40257558790593506}","{'NDCG@5': 0.2962843954094476, 'HR@5': 0.392898679619621}","{'NDCG@5': 0.2770436573766666, 'HR@5': 0.36858253221517695}","{'NDCG@5': 0.23798457461049674, 'HR@5': 0.31432270373398746}"
"{'NDCG@5': 0.44272331229293505, 'HR@5': 0.5753503002573634}","{'NDCG@5': 0.4065967209801131, 'HR@5': 0.5355404089581305}","{'NDCG@5': 0.3834267465762227, 'HR@5': 0.5075711689884919}","{'NDCG@5': 0.3639786185593972, 'HR@5': 0.48524754125687614}","{'NDCG@5': 0.3365736856541861, 'HR@5': 0.44775924960917146}","{'NDCG@5': 0.32017602889636393, 'HR@5': 0.42585327579442916}","{'NDCG@5': 0.3055731804153309, 'HR@5': 0.40320548712206045}","{'NDCG@5': 0.29706243505339214, 'HR@5': 0.3935828145310255}","{'NDCG@5': 0.2773141118921774, 'HR@5': 0.3686507124838072}","{'NDCG@5': 0.23853420890918856, 'HR@5': 0.31520850367947667}"
"{'NDCG@5': 0.44393662879964113, 'HR@5': 0.5767800972261938}","{'NDCG@5': 0.40722969198478265, 'HR@5': 0.5357838364167478}","{'NDCG@5': 0.3849193714278356, 'HR@5': 0.5110034322632748}","{'NDCG@5': 0.36432741791895723, 'HR@5': 0.48641440240040007}","{'NDCG@5': 0.3363600714792288, 'HR@5': 0.4473684210526316}","{'NDCG@5': 0.3203264263120133, 'HR@5': 0.42703020792467633}","{'NDCG@5': 0.30567141153554744, 'HR@5': 0.40313549832026874}","{'NDCG@5': 0.2968287899330762, 'HR@5': 0.39406170896900866}","{'NDCG@5': 0.277316299176513, 'HR@5': 0.3686507124838072}","{'NDCG@5': 0.23829818633798744, 'HR@5': 0.315072226764786}"
"{'NDCG@5': 0.4436601234068482, 'HR@5': 0.5762081784386617}","{'NDCG@5': 0.40774828698347454, 'HR@5': 0.5372444011684518}","{'NDCG@5': 0.38405484682291097, 'HR@5': 0.5087825560266506}","{'NDCG@5': 0.36511251173496234, 'HR@5': 0.4869144857476246}","{'NDCG@5': 0.33711355902089835, 'HR@5': 0.4481500781657113}","{'NDCG@5': 0.32094294904111964, 'HR@5': 0.4285994507650059}","{'NDCG@5': 0.30604900521642175, 'HR@5': 0.40320548712206045}","{'NDCG@5': 0.2974484686150083, 'HR@5': 0.3941985359512896}","{'NDCG@5': 0.2773333344168194, 'HR@5': 0.3687870730210677}","{'NDCG@5': 0.23839428814993868, 'HR@5': 0.31459525756336876}"
"{'NDCG@5': 0.4438126168999847, 'HR@5': 0.5776379754074922}","{'NDCG@5': 0.40779008514562604, 'HR@5': 0.5365141187925998}","{'NDCG@5': 0.38387845114387026, 'HR@5': 0.5089844538663436}","{'NDCG@5': 0.3650971227279937, 'HR@5': 0.48891481913652274}","{'NDCG@5': 0.33761190085843706, 'HR@5': 0.45023449713392394}","{'NDCG@5': 0.3201652860962295, 'HR@5': 0.42712828560219696}","{'NDCG@5': 0.3056793537886603, 'HR@5': 0.40320548712206045}","{'NDCG@5': 0.2969357151033071, 'HR@5': 0.39365122802216596}","{'NDCG@5': 0.2768317644205469, 'HR@5': 0.3689916138269585}","{'NDCG@5': 0.2380471840340525, 'HR@5': 0.3144589806486781}"
"{'NDCG@5': 0.44472031244769056, 'HR@5': 0.5796396911638547}","{'NDCG@5': 0.4075486617047135, 'HR@5': 0.5352969814995131}","{'NDCG@5': 0.3842643324633877, 'HR@5': 0.5089844538663436}","{'NDCG@5': 0.3645529495794754, 'HR@5': 0.4884147357892982}","{'NDCG@5': 0.3380064313808327, 'HR@5': 0.45114643043251695}","{'NDCG@5': 0.32079624287464137, 'HR@5': 0.4272263632797175}","{'NDCG@5': 0.3061634465031031, 'HR@5': 0.4039753639417693}","{'NDCG@5': 0.29758028242397294, 'HR@5': 0.3948142573715537}","{'NDCG@5': 0.2770033573272206, 'HR@5': 0.3696734165132611}","{'NDCG@5': 0.23880998623087707, 'HR@5': 0.31527664213682205}"
"{'NDCG@5': 0.44503405911866417, 'HR@5': 0.5787818129825565}","{'NDCG@5': 0.4082476883664154, 'HR@5': 0.5360272638753651}","{'NDCG@5': 0.3841127709291468, 'HR@5': 0.5093882495457298}","{'NDCG@5': 0.36480241045257733, 'HR@5': 0.48774795799299886}","{'NDCG@5': 0.3379379406409058, 'HR@5': 0.44984366857738406}","{'NDCG@5': 0.32095968619315357, 'HR@5': 0.4281090623774029}","{'NDCG@5': 0.3065935076308189, 'HR@5': 0.40418533034714443}","{'NDCG@5': 0.2979851380203669, 'HR@5': 0.39501949784497503}","{'NDCG@5': 0.2775935056630256, 'HR@5': 0.36940069543874005}","{'NDCG@5': 0.23929103706837004, 'HR@5': 0.31561733442354867}"
"{'NDCG@5': 0.4454958105884861, 'HR@5': 0.5784958535887904}","{'NDCG@5': 0.40765397821261895, 'HR@5': 0.5350535540408958}","{'NDCG@5': 0.38452645626667614, 'HR@5': 0.5073692711487987}","{'NDCG@5': 0.3643143602969879, 'HR@5': 0.4869144857476246}","{'NDCG@5': 0.3376112050950017, 'HR@5': 0.4494528400208442}","{'NDCG@5': 0.3207076346837516, 'HR@5': 0.4276186739897999}","{'NDCG@5': 0.306520077869413, 'HR@5': 0.40348544232922734}","{'NDCG@5': 0.2981900696550373, 'HR@5': 0.3949510843538346}","{'NDCG@5': 0.27749403304981735, 'HR@5': 0.37055976000545443}","{'NDCG@5': 0.23906879146142382, 'HR@5': 0.31609430362496593}"
"{'NDCG@5': 0.4445591545143452, 'HR@5': 0.5782098941950243}","{'NDCG@5': 0.4073407250909585, 'HR@5': 0.5338364167478091}","{'NDCG@5': 0.38412262364410393, 'HR@5': 0.5071673733091056}","{'NDCG@5': 0.3644249795795343, 'HR@5': 0.4869144857476246}","{'NDCG@5': 0.33735158744989996, 'HR@5': 0.4501042209484106}","{'NDCG@5': 0.3208278913388406, 'HR@5': 0.4282071400549235}","{'NDCG@5': 0.30621156068955524, 'HR@5': 0.40355543113101905}","{'NDCG@5': 0.29718014862561193, 'HR@5': 0.394403776424711}","{'NDCG@5': 0.27730762736419995, 'HR@5': 0.3704233994681939}","{'NDCG@5': 0.23839280390132497, 'HR@5': 0.315481057508858}"
"{'NDCG@5': 0.4454502668882523, 'HR@5': 0.5793537317700886}","{'NDCG@5': 0.40756125907209817, 'HR@5': 0.5352969814995131}","{'NDCG@5': 0.3850295336028181, 'HR@5': 0.5077730668281849}","{'NDCG@5': 0.3659040925230807, 'HR@5': 0.4894149024837473}","{'NDCG@5': 0.33775495699787406, 'HR@5': 0.44971339239187075}","{'NDCG@5': 0.3216838523096683, 'HR@5': 0.4281090623774029}","{'NDCG@5': 0.3066037443877976, 'HR@5': 0.4032754759238522}","{'NDCG@5': 0.29743695634321193, 'HR@5': 0.3941985359512896}","{'NDCG@5': 0.27810057793010734, 'HR@5': 0.3711052021544965}","{'NDCG@5': 0.23914274212077058, 'HR@5': 0.31588988825292996}"
"{'NDCG@5': 0.4445908013078972, 'HR@5': 0.5782098941950243}","{'NDCG@5': 0.4082185683213349, 'HR@5': 0.5367575462512172}","{'NDCG@5': 0.3852595277292115, 'HR@5': 0.5075711689884919}","{'NDCG@5': 0.3656248943759934, 'HR@5': 0.48924820803467245}","{'NDCG@5': 0.33728374270120665, 'HR@5': 0.4499739447628973}","{'NDCG@5': 0.3209093436040007, 'HR@5': 0.42673597489211457}","{'NDCG@5': 0.3063597751081782, 'HR@5': 0.4041153415453527}","{'NDCG@5': 0.29701403082250905, 'HR@5': 0.3933091605664637}","{'NDCG@5': 0.27806160110509576, 'HR@5': 0.3717870048407991}","{'NDCG@5': 0.23887712764197844, 'HR@5': 0.31554919596620334}"
"{'NDCG@5': 0.4462713685245621, 'HR@5': 0.5793537317700886}","{'NDCG@5': 0.40904734369707624, 'HR@5': 0.5362706913339824}","{'NDCG@5': 0.38573794722151394, 'HR@5': 0.5087825560266506}","{'NDCG@5': 0.36527899504007527, 'HR@5': 0.4894149024837473}","{'NDCG@5': 0.3377585382214261, 'HR@5': 0.4501042209484106}","{'NDCG@5': 0.3216878875250221, 'HR@5': 0.4289917614750883}","{'NDCG@5': 0.3071123578243546, 'HR@5': 0.4054451287793953}","{'NDCG@5': 0.29750217578457944, 'HR@5': 0.3938564684955873}","{'NDCG@5': 0.27820628664581754, 'HR@5': 0.3717870048407991}","{'NDCG@5': 0.23885255674302056, 'HR@5': 0.3154129190515127}"
"{'NDCG@5': 0.4467380502379817, 'HR@5': 0.5799256505576208}","{'NDCG@5': 0.4089036844999275, 'HR@5': 0.5350535540408958}","{'NDCG@5': 0.3853229173288163, 'HR@5': 0.5083787603472643}","{'NDCG@5': 0.3644456434487112, 'HR@5': 0.4890815135855976}","{'NDCG@5': 0.3375605013713676, 'HR@5': 0.45023449713392394}","{'NDCG@5': 0.3217057863833182, 'HR@5': 0.42938407218517066}","{'NDCG@5': 0.3070974265669677, 'HR@5': 0.40579507278835386}","{'NDCG@5': 0.29742598445313595, 'HR@5': 0.394403776424711}","{'NDCG@5': 0.2782035101068334, 'HR@5': 0.3721960864525806}","{'NDCG@5': 0.2389303481533852, 'HR@5': 0.3154129190515127}"
"{'NDCG@5': 0.4454820980554912, 'HR@5': 0.5790677723763226}","{'NDCG@5': 0.40820916948354813, 'HR@5': 0.5333495618305745}","{'NDCG@5': 0.3853317705239171, 'HR@5': 0.5089844538663436}","{'NDCG@5': 0.36477160651684815, 'HR@5': 0.4884147357892982}","{'NDCG@5': 0.3386971612115538, 'HR@5': 0.4516675351745701}","{'NDCG@5': 0.3221407264264737, 'HR@5': 0.430266771282856}","{'NDCG@5': 0.30674525916325274, 'HR@5': 0.4051651735722284}","{'NDCG@5': 0.2973829703166308, 'HR@5': 0.39406170896900866}","{'NDCG@5': 0.2784525141933796, 'HR@5': 0.3724006272584714}","{'NDCG@5': 0.2386074755057097, 'HR@5': 0.3144589806486781}"
"{'NDCG@5': 0.44568825349029, 'HR@5': 0.5802116099513869}","{'NDCG@5': 0.4093328711321086, 'HR@5': 0.5350535540408958}","{'NDCG@5': 0.38583484231296206, 'HR@5': 0.5101958409045023}","{'NDCG@5': 0.3654545734295216, 'HR@5': 0.48958159693282216}","{'NDCG@5': 0.33876136798178524, 'HR@5': 0.4521886399166232}","{'NDCG@5': 0.3218204032989057, 'HR@5': 0.42948214986269123}","{'NDCG@5': 0.307466958947064, 'HR@5': 0.4059350503919373}","{'NDCG@5': 0.29723135040284077, 'HR@5': 0.39426694944243007}","{'NDCG@5': 0.2778706327367703, 'HR@5': 0.37199154564668985}","{'NDCG@5': 0.23802958226225526, 'HR@5': 0.3141864268192968}"
"{'NDCG@5': 0.44666200346644647, 'HR@5': 0.580497569345153}","{'NDCG@5': 0.4089294808878117, 'HR@5': 0.5355404089581305}","{'NDCG@5': 0.3852043818951937, 'HR@5': 0.5087825560266506}","{'NDCG@5': 0.36592613328499024, 'HR@5': 0.49058176362727124}","{'NDCG@5': 0.338497120627611, 'HR@5': 0.4516675351745701}","{'NDCG@5': 0.3226780019916479, 'HR@5': 0.42997253825029425}","{'NDCG@5': 0.307914104508969, 'HR@5': 0.40663493840985443}","{'NDCG@5': 0.2983172878027506, 'HR@5': 0.3949510843538346}","{'NDCG@5': 0.27835721549752207, 'HR@5': 0.3725369877957319}","{'NDCG@5': 0.23883501094946477, 'HR@5': 0.3157536113382393}"
"{'NDCG@5': 0.4466698118213927, 'HR@5': 0.5824992851015156}","{'NDCG@5': 0.408794090130116, 'HR@5': 0.5352969814995131}","{'NDCG@5': 0.38578878390163074, 'HR@5': 0.5091863517060368}","{'NDCG@5': 0.3657829114487668, 'HR@5': 0.49074845807634604}","{'NDCG@5': 0.33865868006921535, 'HR@5': 0.45192808754559666}","{'NDCG@5': 0.323131385401695, 'HR@5': 0.4311494703805414}","{'NDCG@5': 0.3076702490204407, 'HR@5': 0.4071948488241881}","{'NDCG@5': 0.2986084379309807, 'HR@5': 0.3946774303892728}","{'NDCG@5': 0.2787787255305958, 'HR@5': 0.37280970887025294}","{'NDCG@5': 0.2388737300227255, 'HR@5': 0.315481057508858}"
"{'NDCG@5': 0.44729288373487713, 'HR@5': 0.5836431226765799}","{'NDCG@5': 0.40778273453910885, 'HR@5': 0.5348101265822784}","{'NDCG@5': 0.3860410494428651, 'HR@5': 0.509590147385423}","{'NDCG@5': 0.3656566964826398, 'HR@5': 0.4922487081180197}","{'NDCG@5': 0.33929190073596466, 'HR@5': 0.4525794684731631}","{'NDCG@5': 0.322776166108326, 'HR@5': 0.4296783052177324}","{'NDCG@5': 0.3076649059200657, 'HR@5': 0.4065649496080627}","{'NDCG@5': 0.2980745493316066, 'HR@5': 0.39406170896900866}","{'NDCG@5': 0.2783631633674668, 'HR@5': 0.37165064430353856}","{'NDCG@5': 0.23861285160427176, 'HR@5': 0.31561733442354867}"
"{'NDCG@5': 0.4479359343775607, 'HR@5': 0.5830712038890478}","{'NDCG@5': 0.4083347718226992, 'HR@5': 0.5352969814995131}","{'NDCG@5': 0.38580183705947435, 'HR@5': 0.5093882495457298}","{'NDCG@5': 0.3650108708999225, 'HR@5': 0.4904150691781964}","{'NDCG@5': 0.33870493480848113, 'HR@5': 0.4515372589890568}","{'NDCG@5': 0.32273937107059186, 'HR@5': 0.4289917614750883}","{'NDCG@5': 0.30804678621328346, 'HR@5': 0.4071248600223964}","{'NDCG@5': 0.2980300114841752, 'HR@5': 0.3949510843538346}","{'NDCG@5': 0.2780371771558932, 'HR@5': 0.3714461034976478}","{'NDCG@5': 0.23819684953233491, 'HR@5': 0.3149359498500954}"
"{'NDCG@5': 0.44741855641471223, 'HR@5': 0.5816414069202174}","{'NDCG@5': 0.4091986044133271, 'HR@5': 0.5357838364167478}","{'NDCG@5': 0.3862203532961038, 'HR@5': 0.5099939430648092}","{'NDCG@5': 0.36461634713418134, 'HR@5': 0.49008168028004667}","{'NDCG@5': 0.3395670991973193, 'HR@5': 0.452970297029703}","{'NDCG@5': 0.3231235382635996, 'HR@5': 0.43036484896037663}","{'NDCG@5': 0.3078786872146145, 'HR@5': 0.4071948488241881}","{'NDCG@5': 0.29796524595315377, 'HR@5': 0.3944721899158514}","{'NDCG@5': 0.2781970714033658, 'HR@5': 0.371241562691757}","{'NDCG@5': 0.23874690211890204, 'HR@5': 0.3153447805941674}"
"{'NDCG@5': 0.4475361629847923, 'HR@5': 0.5810694881326851}","{'NDCG@5': 0.4088725542420698, 'HR@5': 0.5345666991236612}","{'NDCG@5': 0.38707925017725986, 'HR@5': 0.5099939430648092}","{'NDCG@5': 0.36485405007760324, 'HR@5': 0.48924820803467245}","{'NDCG@5': 0.33965254926836513, 'HR@5': 0.452970297029703}","{'NDCG@5': 0.32331550170485607, 'HR@5': 0.4309533150255002}","{'NDCG@5': 0.30797274367758876, 'HR@5': 0.4071948488241881}","{'NDCG@5': 0.29856280721844475, 'HR@5': 0.3945406034069919}","{'NDCG@5': 0.27885580292958784, 'HR@5': 0.37151428376627804}","{'NDCG@5': 0.23878018504088538, 'HR@5': 0.31459525756336876}"
